timestamp,node_id,subsystem,sensor,parameter,value_raw,value_hrf
2018/01/01 00:00:06,001e0610e532,metsense,pr103j2,temperature,458,-10.9
2018/01/01 00:00:07,001e0610bc07,metsense,pr103j2,temperature,470,-10.0
2018/01/01 00:00:07,001e0610ef27,metsense,pr103j2,temperature,459,-10.8
2018/01/01 00:00:08,001e0610e540,metsense,pr103j2,temperature,454,-11.15
2018/01/01 00:00:08,001e0610ee61,metsense,pr103j2,temperature,451,-11.4
2018/01/01 00:00:14,001e0610fb4c,metsense,pr103j2,temperature,455,-11.1
2018/01/01 00:00:20,001e0610ba18,metsense,pr103j2,temperature,446,-11.75
2018/01/01 00:00:21,001e0610ba3b,metsense,pr103j2,temperature,476,-9.6
2018/01/01 00:00:21,001e0610ba57,metsense,pr103j2,temperature,445,-11.8
2018/01/01 00:00:30,001e0610e532,metsense,pr103j2,temperature,459,-10.8
2018/01/01 00:00:31,001e0610bc07,metsense,pr103j2,temperature,470,-10.0
2018/01/01 00:00:31,001e0610e540,metsense,pr103j2,temperature,457,-10.95
2018/01/01 00:00:31,001e0610ef27,metsense,pr103j2,temperature,459,-10.8
2018/01/01 00:00:32,001e0610ee61,metsense,pr103j2,temperature,450,-11.45
2018/01/01 00:00:38,001e0610fb4c,metsense,pr103j2,temperature,455,-11.1
2018/01/01 00:00:42,001e0610ef27,metsense,pr103j2,temperature,458,-10.9
2018/01/01 00:00:44,001e0610ba18,metsense,pr103j2,temperature,450,-11.45
2018/01/01 00:00:44,001e0610bc07,metsense,pr103j2,temperature,467,-10.25
2018/01/01 00:00:45,001e0610ba3b,metsense,pr103j2,temperature,468,-10.15
2018/01/01 00:00:46,001e0610ba57,metsense,pr103j2,temperature,447,-11.7
2018/01/01 00:00:54,001e0610e532,metsense,pr103j2,temperature,460,-10.75
2018/01/01 00:00:56,001e0610ee61,metsense,pr103j2,temperature,448,-11.6
2018/01/01 00:00:57,001e0610e540,metsense,pr103j2,temperature,458,-10.9
2018/01/01 00:01:02,001e0610fb4c,metsense,pr103j2,temperature,455,-11.1
2018/01/01 00:01:06,001e0610ef27,metsense,pr103j2,temperature,459,-10.8
2018/01/01 00:01:08,001e0610ba18,metsense,pr103j2,temperature,452,-11.3
2018/01/01 00:01:08,001e0610bc07,metsense,pr103j2,temperature,470,-10.0
2018/01/01 00:01:09,001e0610ba3b,metsense,pr103j2,temperature,469,-10.1
2018/01/01 00:01:09,001e0610ba57,metsense,pr103j2,temperature,446,-11.75
2018/01/01 00:01:18,001e0610e532,metsense,pr103j2,temperature,459,-10.8
2018/01/01 00:01:20,001e0610e540,metsense,pr103j2,temperature,461,-10.65
2018/01/01 00:01:20,001e0610ee61,metsense,pr103j2,temperature,451,-11.4
2018/01/01 00:01:26,001e0610fb4c,metsense,pr103j2,temperature,454,-11.15
2018/01/01 00:01:32,001e0610ba18,metsense,pr103j2,temperature,451,-11.4
2018/01/01 00:01:33,001e0610bc07,metsense,pr103j2,temperature,469,-10.1
2018/01/01 00:01:38,001e0610ba57,metsense,pr103j2,temperature,448,-11.6
2018/01/01 00:01:42,001e0610e532,metsense,pr103j2,temperature,459,-10.8
2018/01/01 00:01:43,001e0610e540,metsense,pr103j2,temperature,461,-10.65
2018/01/01 00:01:44,001e0610ee61,metsense,pr103j2,temperature,449,-11.55
2018/01/01 00:01:46,001e0610ef27,metsense,pr103j2,temperature,460,-10.75
2018/01/01 00:01:50,001e0610fb4c,metsense,pr103j2,temperature,454,-11.15
2018/01/01 00:01:56,001e0610ba18,metsense,pr103j2,temperature,449,-11.55
2018/01/01 00:01:58,001e0610ba3b,metsense,pr103j2,temperature,472,-9.85
2018/01/01 00:01:58,001e0610ba57,metsense,pr103j2,temperature,446,-11.75
2018/01/01 00:02:06,001e0610e532,metsense,pr103j2,temperature,458,-10.9
2018/01/01 00:02:08,001e0610ee61,metsense,pr103j2,temperature,452,-11.3
2018/01/01 00:02:09,001e0610e540,metsense,pr103j2,temperature,460,-10.75
2018/01/01 00:02:11,001e0610ef27,metsense,pr103j2,temperature,462,-10.6
2018/01/01 00:02:16,001e0610fb4c,metsense,pr103j2,temperature,452,-11.3
2018/01/01 00:02:17,001e0610bc07,metsense,pr103j2,temperature,470,-10.0
2018/01/01 00:02:20,001e0610ba18,metsense,pr103j2,temperature,448,-11.6
2018/01/01 00:02:20,001e0610ef27,metsense,pr103j2,temperature,462,-10.6
2018/01/01 00:02:21,001e0610ba3b,metsense,pr103j2,temperature,476,-9.6
2018/01/01 00:02:22,001e0610ba57,metsense,pr103j2,temperature,446,-11.75
2018/01/01 00:02:32,001e0610e532,metsense,pr103j2,temperature,454,-11.15
2018/01/01 00:02:32,001e0610e540,metsense,pr103j2,temperature,458,-10.9
2018/01/01 00:02:32,001e0610ee61,metsense,pr103j2,temperature,451,-11.4
2018/01/01 00:02:39,001e0610fb4c,metsense,pr103j2,temperature,453,-11.25
2018/01/01 00:02:41,001e0610bc07,metsense,pr103j2,temperature,468,-10.15
2018/01/01 00:02:44,001e0610ba18,metsense,pr103j2,temperature,447,-11.7
2018/01/01 00:02:45,001e0610ba3b,metsense,pr103j2,temperature,482,-9.15
2018/01/01 00:02:45,001e0610ef27,metsense,pr103j2,temperature,463,-10.5
2018/01/01 00:02:48,001e0610ba57,metsense,pr103j2,temperature,444,-11.9
2018/01/01 00:02:55,001e0610e532,metsense,pr103j2,temperature,452,-11.3
2018/01/01 00:02:55,001e0610e540,metsense,pr103j2,temperature,458,-10.9
2018/01/01 00:02:57,001e0610ee61,metsense,pr103j2,temperature,452,-11.3
2018/01/01 00:03:02,001e0610fb4c,metsense,pr103j2,temperature,453,-11.25
2018/01/01 00:03:06,001e0610bc07,metsense,pr103j2,temperature,463,-10.5
2018/01/01 00:03:08,001e0610ba18,metsense,pr103j2,temperature,446,-11.75
2018/01/01 00:03:09,001e0610ba3b,metsense,pr103j2,temperature,483,-9.05
2018/01/01 00:03:14,001e0610ba57,metsense,pr103j2,temperature,446,-11.75
2018/01/01 00:03:18,001e0610bc07,metsense,pr103j2,temperature,463,-10.5
2018/01/01 00:03:18,001e0610e532,metsense,pr103j2,temperature,452,-11.3
2018/01/01 00:03:18,001e0610e540,metsense,pr103j2,temperature,460,-10.75
2018/01/01 00:03:21,001e0610ee61,metsense,pr103j2,temperature,450,-11.45
2018/01/01 00:03:27,001e0610ef27,metsense,pr103j2,temperature,463,-10.5
2018/01/01 00:03:28,001e0610fb4c,metsense,pr103j2,temperature,454,-11.15
2018/01/01 00:03:33,001e0610ba3b,metsense,pr103j2,temperature,476,-9.6
2018/01/01 00:03:34,001e0610ba57,metsense,pr103j2,temperature,445,-11.8
2018/01/01 00:03:37,001e0610ba18,metsense,pr103j2,temperature,447,-11.7
2018/01/01 00:03:42,001e0610bc07,metsense,pr103j2,temperature,463,-10.5
2018/01/01 00:03:42,001e0610e540,metsense,pr103j2,temperature,459,-10.8
2018/01/01 00:03:44,001e0610e532,metsense,pr103j2,temperature,452,-11.3
2018/01/01 00:03:45,001e0610ee61,metsense,pr103j2,temperature,452,-11.3
2018/01/01 00:03:51,001e0610fb4c,metsense,pr103j2,temperature,452,-11.3
2018/01/01 00:03:52,001e0610ef27,metsense,pr103j2,temperature,463,-10.5
2018/01/01 00:03:57,001e0610ba18,metsense,pr103j2,temperature,448,-11.6
2018/01/01 00:03:57,001e0610ba3b,metsense,pr103j2,temperature,480,-9.3
2018/01/01 00:04:00,001e0610ba57,metsense,pr103j2,temperature,445,-11.8
2018/01/01 00:04:03,001e0610ef27,metsense,pr103j2,temperature,461,-10.65
2018/01/01 00:04:06,001e0610e540,metsense,pr103j2,temperature,459,-10.8
2018/01/01 00:04:07,001e0610e532,metsense,pr103j2,temperature,456,-11.05
2018/01/01 00:04:08,001e0610bc07,metsense,pr103j2,temperature,466,-10.3
2018/01/01 00:04:09,001e0610ee61,metsense,pr103j2,temperature,451,-11.4
2018/01/01 00:04:14,001e0610fb4c,metsense,pr103j2,temperature,449,-11.55
2018/01/01 00:04:20,001e0610ba18,metsense,pr103j2,temperature,449,-11.55
2018/01/01 00:04:23,001e0610ba3b,metsense,pr103j2,temperature,475,-9.65
2018/01/01 00:04:23,001e0610ba57,metsense,pr103j2,temperature,443,-11.95
2018/01/01 00:04:24,001e0610bc07,metsense,pr103j2,temperature,466,-10.3
2018/01/01 00:04:25,001e0610ef27,metsense,pr103j2,temperature,460,-10.75
2018/01/01 00:04:30,001e0610e532,metsense,pr103j2,temperature,457,-10.95
2018/01/01 00:04:30,001e0610e540,metsense,pr103j2,temperature,457,-10.95
2018/01/01 00:04:33,001e0610ee61,metsense,pr103j2,temperature,451,-11.4
2018/01/01 00:04:40,001e0610fb4c,metsense,pr103j2,temperature,449,-11.55
2018/01/01 00:04:46,001e0610ba18,metsense,pr103j2,temperature,446,-11.75
2018/01/01 00:04:46,001e0610ba3b,metsense,pr103j2,temperature,474,-9.75
2018/01/01 00:04:47,001e0610bc07,metsense,pr103j2,temperature,464,-10.45
2018/01/01 00:04:54,001e0610e540,metsense,pr103j2,temperature,455,-11.1
2018/01/01 00:04:56,001e0610e532,metsense,pr103j2,temperature,456,-11.05
2018/01/01 00:04:59,001e0610ee61,metsense,pr103j2,temperature,451,-11.4
2018/01/01 00:05:01,001e0610ef27,metsense,pr103j2,temperature,460,-10.75
2018/01/01 00:05:03,001e0610fb4c,metsense,pr103j2,temperature,450,-11.45
2018/01/01 00:05:04,001e0610ef27,metsense,pr103j2,temperature,459,-10.8
2018/01/01 00:05:09,001e0610ba18,metsense,pr103j2,temperature,448,-11.6
2018/01/01 00:05:09,001e0610ba3b,metsense,pr103j2,temperature,481,-9.2
2018/01/01 00:05:10,001e0610ba57,metsense,pr103j2,temperature,442,-12.05
2018/01/01 00:05:13,001e0610bc07,metsense,pr103j2,temperature,463,-10.5
2018/01/01 00:05:19,001e0610e532,metsense,pr103j2,temperature,455,-11.1
2018/01/01 00:05:19,001e0610e540,metsense,pr103j2,temperature,456,-11.05
2018/01/01 00:05:22,001e0610ee61,metsense,pr103j2,temperature,450,-11.45
2018/01/01 00:05:26,001e0610fb4c,metsense,pr103j2,temperature,450,-11.45
2018/01/01 00:05:32,001e0610ba18,metsense,pr103j2,temperature,448,-11.6
2018/01/01 00:05:35,001e0610ba3b,metsense,pr103j2,temperature,483,-9.05
2018/01/01 00:05:38,001e0610ef27,metsense,pr103j2,temperature,459,-10.8
2018/01/01 00:05:42,001e0610e532,metsense,pr103j2,temperature,457,-10.95
2018/01/01 00:05:43,001e0610e540,metsense,pr103j2,temperature,454,-11.15
2018/01/01 00:05:45,001e0610ee61,metsense,pr103j2,temperature,448,-11.6
2018/01/01 00:05:52,001e0610fb4c,metsense,pr103j2,temperature,449,-11.55
2018/01/01 00:05:55,001e0610bc07,metsense,pr103j2,temperature,469,-10.1
2018/01/01 00:05:58,001e0610ba18,metsense,pr103j2,temperature,447,-11.7
2018/01/01 00:05:58,001e0610ba3b,metsense,pr103j2,temperature,481,-9.2
2018/01/01 00:05:59,001e0610ef27,metsense,pr103j2,temperature,460,-10.75
2018/01/01 00:06:00,001e0610ba57,metsense,pr103j2,temperature,443,-11.95
2018/01/01 00:06:07,001e0610e540,metsense,pr103j2,temperature,454,-11.15
2018/01/01 00:06:08,001e0610e532,metsense,pr103j2,temperature,459,-10.8
2018/01/01 00:06:11,001e0610ee61,metsense,pr103j2,temperature,450,-11.45
2018/01/01 00:06:15,001e0610fb4c,metsense,pr103j2,temperature,447,-11.7
2018/01/01 00:06:18,001e0610bc07,metsense,pr103j2,temperature,467,-10.25
2018/01/01 00:06:21,001e0610ba18,metsense,pr103j2,temperature,449,-11.55
2018/01/01 00:06:21,001e0610ba3b,metsense,pr103j2,temperature,477,-9.5
2018/01/01 00:06:23,001e0610ba57,metsense,pr103j2,temperature,444,-11.9
2018/01/01 00:06:31,001e0610e532,metsense,pr103j2,temperature,455,-11.1
2018/01/01 00:06:31,001e0610e540,metsense,pr103j2,temperature,453,-11.25
2018/01/01 00:06:34,001e0610ee61,metsense,pr103j2,temperature,450,-11.45
2018/01/01 00:06:38,001e0610fb4c,metsense,pr103j2,temperature,447,-11.7
2018/01/01 00:06:42,001e0610ef27,metsense,pr103j2,temperature,459,-10.8
2018/01/01 00:06:44,001e0610bc07,metsense,pr103j2,temperature,468,-10.15
2018/01/01 00:06:45,001e0610ba18,metsense,pr103j2,temperature,449,-11.55
2018/01/01 00:06:46,001e0610ba57,metsense,pr103j2,temperature,444,-11.9
2018/01/01 00:06:47,001e0610ba3b,metsense,pr103j2,temperature,476,-9.6
2018/01/01 00:06:54,001e0610e532,metsense,pr103j2,temperature,453,-11.25
2018/01/01 00:06:55,001e0610e540,metsense,pr103j2,temperature,452,-11.3
2018/01/01 00:06:57,001e0610ee61,metsense,pr103j2,temperature,449,-11.55
2018/01/01 00:07:04,001e0610ef27,metsense,pr103j2,temperature,457,-10.95
2018/01/01 00:07:04,001e0610fb4c,metsense,pr103j2,temperature,446,-11.75
2018/01/01 00:07:07,001e0610bc07,metsense,pr103j2,temperature,473,-9.8
2018/01/01 00:07:10,001e0610ba3b,metsense,pr103j2,temperature,475,-9.65
2018/01/01 00:07:10,001e0610ba57,metsense,pr103j2,temperature,445,-11.8
2018/01/01 00:07:11,001e0610ba18,metsense,pr103j2,temperature,447,-11.7
2018/01/01 00:07:11,001e0610ef27,metsense,pr103j2,temperature,456,-11.05
2018/01/01 00:07:18,001e0610bc07,metsense,pr103j2,temperature,469,-10.1
2018/01/01 00:07:19,001e0610e540,metsense,pr103j2,temperature,451,-11.4
2018/01/01 00:07:20,001e0610e532,metsense,pr103j2,temperature,449,-11.55
2018/01/01 00:07:23,001e0610ee61,metsense,pr103j2,temperature,453,-11.25
2018/01/01 00:07:27,001e0610fb4c,metsense,pr103j2,temperature,447,-11.7
2018/01/01 00:07:33,001e0610ba3b,metsense,pr103j2,temperature,481,-9.2
2018/01/01 00:07:33,001e0610ba57,metsense,pr103j2,temperature,444,-11.9
2018/01/01 00:07:34,001e0610ba18,metsense,pr103j2,temperature,447,-11.7
2018/01/01 00:07:38,001e0610ef27,metsense,pr103j2,temperature,457,-10.95
2018/01/01 00:07:44,001e0610bc07,metsense,pr103j2,temperature,471,-9.95
2018/01/01 00:07:45,001e0610e540,metsense,pr103j2,temperature,451,-11.4
2018/01/01 00:07:46,001e0610e532,metsense,pr103j2,temperature,450,-11.45
2018/01/01 00:07:46,001e0610ee61,metsense,pr103j2,temperature,452,-11.3
2018/01/01 00:07:50,001e0610fb4c,metsense,pr103j2,temperature,449,-11.55
2018/01/01 00:07:57,001e0610ba18,metsense,pr103j2,temperature,452,-11.3
2018/01/01 00:07:57,001e0610ba57,metsense,pr103j2,temperature,443,-11.95
2018/01/01 00:07:59,001e0610ba3b,metsense,pr103j2,temperature,482,-9.15
2018/01/01 00:08:06,001e0610e532,metsense,pr103j2,temperature,451,-11.4
2018/01/01 00:08:07,001e0610bc07,metsense,pr103j2,temperature,467,-10.25
2018/01/01 00:08:08,001e0610e540,metsense,pr103j2,temperature,451,-11.4
2018/01/01 00:08:09,001e0610ee61,metsense,pr103j2,temperature,450,-11.45
2018/01/01 00:08:16,001e0610ef27,metsense,pr103j2,temperature,456,-11.05
2018/01/01 00:08:16,001e0610fb4c,metsense,pr103j2,temperature,447,-11.7
2018/01/01 00:08:18,001e0610bc07,metsense,pr103j2,temperature,468,-10.15
2018/01/01 00:08:21,001e0610ba57,metsense,pr103j2,temperature,445,-11.8
2018/01/01 00:08:23,001e0610ba18,metsense,pr103j2,temperature,451,-11.4
2018/01/01 00:08:23,001e0610ba3b,metsense,pr103j2,temperature,480,-9.3
2018/01/01 00:08:31,001e0610e540,metsense,pr103j2,temperature,453,-11.25
2018/01/01 00:08:32,001e0610e532,metsense,pr103j2,temperature,451,-11.4
2018/01/01 00:08:35,001e0610ee61,metsense,pr103j2,temperature,451,-11.4
2018/01/01 00:08:39,001e0610ef27,metsense,pr103j2,temperature,457,-10.95
2018/01/01 00:08:39,001e0610fb4c,metsense,pr103j2,temperature,447,-11.7
2018/01/01 00:08:44,001e0610bc07,metsense,pr103j2,temperature,463,-10.5
2018/01/01 00:08:45,001e0610ba57,metsense,pr103j2,temperature,445,-11.8
2018/01/01 00:08:46,001e0610ba18,metsense,pr103j2,temperature,450,-11.45
2018/01/01 00:08:46,001e0610ba3b,metsense,pr103j2,temperature,477,-9.5
2018/01/01 00:08:55,001e0610e532,metsense,pr103j2,temperature,452,-11.3
2018/01/01 00:08:57,001e0610e540,metsense,pr103j2,temperature,450,-11.45
2018/01/01 00:08:58,001e0610ee61,metsense,pr103j2,temperature,450,-11.45
2018/01/01 00:09:02,001e0610fb4c,metsense,pr103j2,temperature,447,-11.7
2018/01/01 00:09:06,001e0610ef27,metsense,pr103j2,temperature,457,-10.95
2018/01/01 00:09:07,001e0610bc07,metsense,pr103j2,temperature,463,-10.5
2018/01/01 00:09:09,001e0610ba18,metsense,pr103j2,temperature,449,-11.55
2018/01/01 00:09:10,001e0610ba57,metsense,pr103j2,temperature,444,-11.9
2018/01/01 00:09:12,001e0610ba3b,metsense,pr103j2,temperature,478,-9.45
2018/01/01 00:09:17,001e0610ef27,metsense,pr103j2,temperature,457,-10.95
2018/01/01 00:09:18,001e0610e532,metsense,pr103j2,temperature,454,-11.15
2018/01/01 00:09:20,001e0610e540,metsense,pr103j2,temperature,453,-11.25
2018/01/01 00:09:21,001e0610ee61,metsense,pr103j2,temperature,451,-11.4
2018/01/01 00:09:29,001e0610fb4c,metsense,pr103j2,temperature,447,-11.7
2018/01/01 00:09:33,001e0610ba57,metsense,pr103j2,temperature,447,-11.7
2018/01/01 00:09:35,001e0610ba18,metsense,pr103j2,temperature,452,-11.3
2018/01/01 00:09:35,001e0610ba3b,metsense,pr103j2,temperature,475,-9.65
2018/01/01 00:09:38,001e0610ef27,metsense,pr103j2,temperature,459,-10.8
2018/01/01 00:09:41,001e0610e532,metsense,pr103j2,temperature,454,-11.15
2018/01/01 00:09:43,001e0610e540,metsense,pr103j2,temperature,453,-11.25
2018/01/01 00:09:47,001e0610ee61,metsense,pr103j2,temperature,451,-11.4
2018/01/01 00:09:49,001e0610bc07,metsense,pr103j2,temperature,462,-10.6
2018/01/01 00:09:52,001e0610fb4c,metsense,pr103j2,temperature,447,-11.7
2018/01/01 00:09:57,001e0610ba57,metsense,pr103j2,temperature,445,-11.8
2018/01/01 00:09:58,001e0610ba18,metsense,pr103j2,temperature,450,-11.45
2018/01/01 00:09:58,001e0610ba3b,metsense,pr103j2,temperature,473,-9.8
2018/01/01 00:10:05,001e0610e532,metsense,pr103j2,temperature,453,-11.25
2018/01/01 00:10:09,001e0610e540,metsense,pr103j2,temperature,452,-11.3
2018/01/01 00:10:10,001e0610ee61,metsense,pr103j2,temperature,452,-11.3
2018/01/01 00:10:15,001e0610bc07,metsense,pr103j2,temperature,464,-10.45
2018/01/01 00:10:15,001e0610ef27,metsense,pr103j2,temperature,458,-10.9
2018/01/01 00:10:15,001e0610fb4c,metsense,pr103j2,temperature,448,-11.6
2018/01/01 00:10:21,001e0610ba18,metsense,pr103j2,temperature,446,-11.75
2018/01/01 00:10:24,001e0610ba3b,metsense,pr103j2,temperature,473,-9.8
2018/01/01 00:10:29,001e0610e532,metsense,pr103j2,temperature,453,-11.25
2018/01/01 00:10:32,001e0610e540,metsense,pr103j2,temperature,451,-11.4
2018/01/01 00:10:33,001e0610ee61,metsense,pr103j2,temperature,453,-11.25
2018/01/01 00:10:38,001e0610bc07,metsense,pr103j2,temperature,460,-10.75
2018/01/01 00:10:38,001e0610fb4c,metsense,pr103j2,temperature,449,-11.55
2018/01/01 00:10:40,001e0610ef27,metsense,pr103j2,temperature,455,-11.1
2018/01/01 00:10:44,001e0610ba18,metsense,pr103j2,temperature,446,-11.75
2018/01/01 00:10:46,001e0610ba57,metsense,pr103j2,temperature,442,-12.05
2018/01/01 00:10:47,001e0610ba3b,metsense,pr103j2,temperature,472,-9.85
2018/01/01 00:10:48,001e0610ef27,metsense,pr103j2,temperature,456,-11.05
2018/01/01 00:10:50,001e0610bc07,metsense,pr103j2,temperature,463,-10.5
2018/01/01 00:10:53,001e0610e532,metsense,pr103j2,temperature,453,-11.25
2018/01/01 00:10:55,001e0610e540,metsense,pr103j2,temperature,451,-11.4
2018/01/01 00:10:59,001e0610ee61,metsense,pr103j2,temperature,456,-11.05
2018/01/01 00:11:02,001e0610fb4c,metsense,pr103j2,temperature,450,-11.45
2018/01/01 00:11:08,001e0610ba18,metsense,pr103j2,temperature,446,-11.75
2018/01/01 00:11:10,001e0610ba3b,metsense,pr103j2,temperature,476,-9.6
2018/01/01 00:11:12,001e0610ef27,metsense,pr103j2,temperature,454,-11.15
2018/01/01 00:11:13,001e0610bc07,metsense,pr103j2,temperature,464,-10.45
2018/01/01 00:11:18,001e0610e532,metsense,pr103j2,temperature,454,-11.15
2018/01/01 00:11:21,001e0610e540,metsense,pr103j2,temperature,454,-11.15
2018/01/01 00:11:22,001e0610ee61,metsense,pr103j2,temperature,454,-11.15
2018/01/01 00:11:26,001e0610fb4c,metsense,pr103j2,temperature,448,-11.6
2018/01/01 00:11:32,001e0610ba18,metsense,pr103j2,temperature,447,-11.7
2018/01/01 00:11:33,001e0610ba3b,metsense,pr103j2,temperature,474,-9.75
2018/01/01 00:11:33,001e0610ba57,metsense,pr103j2,temperature,443,-11.95
2018/01/01 00:11:37,001e0610bc07,metsense,pr103j2,temperature,468,-10.15
2018/01/01 00:11:42,001e0610e532,metsense,pr103j2,temperature,449,-11.55
2018/01/01 00:11:44,001e0610e540,metsense,pr103j2,temperature,452,-11.3
2018/01/01 00:11:45,001e0610ee61,metsense,pr103j2,temperature,454,-11.15
2018/01/01 00:11:50,001e0610fb4c,metsense,pr103j2,temperature,449,-11.55
2018/01/01 00:11:52,001e0610ef27,metsense,pr103j2,temperature,453,-11.25
2018/01/01 00:11:56,001e0610ba18,metsense,pr103j2,temperature,447,-11.7
2018/01/01 00:11:57,001e0610ba3b,metsense,pr103j2,temperature,474,-9.75
2018/01/01 00:11:59,001e0610ba57,metsense,pr103j2,temperature,443,-11.95
2018/01/01 00:12:06,001e0610e532,metsense,pr103j2,temperature,448,-11.6
2018/01/01 00:12:07,001e0610e540,metsense,pr103j2,temperature,451,-11.4
2018/01/01 00:12:08,001e0610ee61,metsense,pr103j2,temperature,455,-11.1
2018/01/01 00:12:14,001e0610fb4c,metsense,pr103j2,temperature,448,-11.6
2018/01/01 00:12:16,001e0610ef27,metsense,pr103j2,temperature,454,-11.15
2018/01/01 00:12:20,001e0610ba18,metsense,pr103j2,temperature,448,-11.6
2018/01/01 00:12:20,001e0610bc07,metsense,pr103j2,temperature,467,-10.25
2018/01/01 00:12:21,001e0610ba3b,metsense,pr103j2,temperature,476,-9.6
2018/01/01 00:12:22,001e0610ba57,metsense,pr103j2,temperature,443,-11.95
2018/01/01 00:12:24,001e0610ef27,metsense,pr103j2,temperature,452,-11.3
2018/01/01 00:12:30,001e0610e532,metsense,pr103j2,temperature,449,-11.55
2018/01/01 00:12:32,001e0610ee61,metsense,pr103j2,temperature,454,-11.15
2018/01/01 00:12:33,001e0610e540,metsense,pr103j2,temperature,450,-11.45
2018/01/01 00:12:38,001e0610fb4c,metsense,pr103j2,temperature,447,-11.7
2018/01/01 00:12:44,001e0610ba18,metsense,pr103j2,temperature,448,-11.6
2018/01/01 00:12:44,001e0610bc07,metsense,pr103j2,temperature,469,-10.1
2018/01/01 00:12:45,001e0610ba3b,metsense,pr103j2,temperature,473,-9.8
2018/01/01 00:12:46,001e0610ba57,metsense,pr103j2,temperature,443,-11.95
2018/01/01 00:12:48,001e0610ef27,metsense,pr103j2,temperature,454,-11.15
2018/01/01 00:12:54,001e0610e532,metsense,pr103j2,temperature,451,-11.4
2018/01/01 00:12:56,001e0610e540,metsense,pr103j2,temperature,451,-11.4
2018/01/01 00:12:56,001e0610ee61,metsense,pr103j2,temperature,455,-11.1
2018/01/01 00:13:02,001e0610fb4c,metsense,pr103j2,temperature,446,-11.75
2018/01/01 00:13:08,001e0610ba18,metsense,pr103j2,temperature,449,-11.55
2018/01/01 00:13:08,001e0610bc07,metsense,pr103j2,temperature,466,-10.3
2018/01/01 00:13:09,001e0610ba3b,metsense,pr103j2,temperature,478,-9.45
2018/01/01 00:13:12,001e0610ba57,metsense,pr103j2,temperature,445,-11.8
2018/01/01 00:13:18,001e0610e532,metsense,pr103j2,temperature,452,-11.3
2018/01/01 00:13:19,001e0610bc07,metsense,pr103j2,temperature,464,-10.45
2018/01/01 00:13:19,001e0610e540,metsense,pr103j2,temperature,448,-11.6
2018/01/01 00:13:21,001e0610ee61,metsense,pr103j2,temperature,458,-10.9
2018/01/01 00:13:26,001e0610fb4c,metsense,pr103j2,temperature,446,-11.75
2018/01/01 00:13:27,001e0610ef27,metsense,pr103j2,temperature,453,-11.25
2018/01/01 00:13:32,001e0610ba18,metsense,pr103j2,temperature,451,-11.4
2018/01/01 00:13:33,001e0610ba3b,metsense,pr103j2,temperature,480,-9.3
2018/01/01 00:13:38,001e0610ba57,metsense,pr103j2,temperature,445,-11.8
2018/01/01 00:13:42,001e0610e532,metsense,pr103j2,temperature,453,-11.25
2018/01/01 00:13:43,001e0610bc07,metsense,pr103j2,temperature,467,-10.25
2018/01/01 00:13:44,001e0610ee61,metsense,pr103j2,temperature,458,-10.9
2018/01/01 00:13:45,001e0610e540,metsense,pr103j2,temperature,449,-11.55
2018/01/01 00:13:51,001e0610ef27,metsense,pr103j2,temperature,453,-11.25
2018/01/01 00:13:52,001e0610fb4c,metsense,pr103j2,temperature,445,-11.8
2018/01/01 00:13:56,001e0610ba18,metsense,pr103j2,temperature,450,-11.45
2018/01/01 00:13:57,001e0610ba3b,metsense,pr103j2,temperature,473,-9.8
2018/01/01 00:13:58,001e0610ba57,metsense,pr103j2,temperature,445,-11.8
2018/01/01 00:14:00,001e0610ef27,metsense,pr103j2,temperature,454,-11.15
2018/01/01 00:14:07,001e0610bc07,metsense,pr103j2,temperature,461,-10.65
2018/01/01 00:14:08,001e0610e532,metsense,pr103j2,temperature,449,-11.55
2018/01/01 00:14:08,001e0610e540,metsense,pr103j2,temperature,450,-11.45
2018/01/01 00:14:08,001e0610ee61,metsense,pr103j2,temperature,458,-10.9
2018/01/01 00:14:15,001e0610fb4c,metsense,pr103j2,temperature,444,-11.9
2018/01/01 00:14:18,001e0610bc07,metsense,pr103j2,temperature,462,-10.6
2018/01/01 00:14:20,001e0610ba18,metsense,pr103j2,temperature,453,-11.25
2018/01/01 00:14:21,001e0610ba3b,metsense,pr103j2,temperature,473,-9.8
2018/01/01 00:14:24,001e0610ef27,metsense,pr103j2,temperature,455,-11.1
2018/01/01 00:14:27,001e0610ba57,metsense,pr103j2,temperature,448,-11.6
2018/01/01 00:14:31,001e0610e532,metsense,pr103j2,temperature,448,-11.6
2018/01/01 00:14:31,001e0610e540,metsense,pr103j2,temperature,452,-11.3
2018/01/01 00:14:33,001e0610ee61,metsense,pr103j2,temperature,458,-10.9
2018/01/01 00:14:38,001e0610fb4c,metsense,pr103j2,temperature,443,-11.95
2018/01/01 00:14:42,001e0610bc07,metsense,pr103j2,temperature,463,-10.5
2018/01/01 00:14:45,001e0610ba3b,metsense,pr103j2,temperature,479,-9.35
2018/01/01 00:14:46,001e0610ba18,metsense,pr103j2,temperature,453,-11.25
2018/01/01 00:14:47,001e0610ba57,metsense,pr103j2,temperature,446,-11.75
2018/01/01 00:14:50,001e0610ef27,metsense,pr103j2,temperature,454,-11.15
2018/01/01 00:14:54,001e0610e532,metsense,pr103j2,temperature,452,-11.3
2018/01/01 00:14:54,001e0610e540,metsense,pr103j2,temperature,451,-11.4
2018/01/01 00:14:57,001e0610ee61,metsense,pr103j2,temperature,456,-11.05
2018/01/01 00:15:04,001e0610fb4c,metsense,pr103j2,temperature,445,-11.8
2018/01/01 00:15:06,001e0610bc07,metsense,pr103j2,temperature,459,-10.8
2018/01/01 00:15:09,001e0610ba18,metsense,pr103j2,temperature,452,-11.3
2018/01/01 00:15:09,001e0610ba3b,metsense,pr103j2,temperature,483,-9.05
2018/01/01 00:15:18,001e0610e540,metsense,pr103j2,temperature,451,-11.4
2018/01/01 00:15:20,001e0610e532,metsense,pr103j2,temperature,449,-11.55
2018/01/01 00:15:21,001e0610ee61,metsense,pr103j2,temperature,457,-10.95
2018/01/01 00:15:27,001e0610fb4c,metsense,pr103j2,temperature,444,-11.9
2018/01/01 00:15:29,001e0610ef27,metsense,pr103j2,temperature,455,-11.1
2018/01/01 00:15:32,001e0610ba18,metsense,pr103j2,temperature,448,-11.6
2018/01/01 00:15:34,001e0610ba57,metsense,pr103j2,temperature,447,-11.7
2018/01/01 00:15:35,001e0610ba3b,metsense,pr103j2,temperature,478,-9.45
2018/01/01 00:15:42,001e0610e540,metsense,pr103j2,temperature,449,-11.55
2018/01/01 00:15:43,001e0610e532,metsense,pr103j2,temperature,450,-11.45
2018/01/01 00:15:45,001e0610ee61,metsense,pr103j2,temperature,455,-11.1
2018/01/01 00:15:50,001e0610fb4c,metsense,pr103j2,temperature,445,-11.8
2018/01/01 00:15:52,001e0610bc07,metsense,pr103j2,temperature,460,-10.75
2018/01/01 00:15:53,001e0610ef27,metsense,pr103j2,temperature,456,-11.05
2018/01/01 00:15:58,001e0610ba18,metsense,pr103j2,temperature,451,-11.4
2018/01/01 00:16:00,001e0610ba57,metsense,pr103j2,temperature,444,-11.9
2018/01/01 00:16:00,001e0610ef27,metsense,pr103j2,temperature,456,-11.05
2018/01/01 00:16:06,001e0610e532,metsense,pr103j2,temperature,449,-11.55
2018/01/01 00:16:06,001e0610e540,metsense,pr103j2,temperature,450,-11.45
2018/01/01 00:16:11,001e0610ee61,metsense,pr103j2,temperature,456,-11.05
2018/01/01 00:16:15,001e0610bc07,metsense,pr103j2,temperature,459,-10.8
2018/01/01 00:16:16,001e0610fb4c,metsense,pr103j2,temperature,445,-11.8
2018/01/01 00:16:21,001e0610ba18,metsense,pr103j2,temperature,450,-11.45
2018/01/01 00:16:22,001e0610ba3b,metsense,pr103j2,temperature,478,-9.45
2018/01/01 00:16:23,001e0610ba57,metsense,pr103j2,temperature,443,-11.95
2018/01/01 00:16:30,001e0610e540,metsense,pr103j2,temperature,450,-11.45
2018/01/01 00:16:32,001e0610e532,metsense,pr103j2,temperature,449,-11.55
2018/01/01 00:16:34,001e0610ee61,metsense,pr103j2,temperature,453,-11.25
2018/01/01 00:16:38,001e0610bc07,metsense,pr103j2,temperature,457,-10.95
2018/01/01 00:16:39,001e0610ef27,metsense,pr103j2,temperature,456,-11.05
2018/01/01 00:16:39,001e0610fb4c,metsense,pr103j2,temperature,444,-11.9
2018/01/01 00:16:45,001e0610ba3b,metsense,pr103j2,temperature,475,-9.65
2018/01/01 00:16:46,001e0610ba57,metsense,pr103j2,temperature,443,-11.95
2018/01/01 00:16:55,001e0610e532,metsense,pr103j2,temperature,448,-11.6
2018/01/01 00:16:55,001e0610e540,metsense,pr103j2,temperature,449,-11.55
2018/01/01 00:16:57,001e0610ee61,metsense,pr103j2,temperature,451,-11.4
2018/01/01 00:17:02,001e0610fb4c,metsense,pr103j2,temperature,445,-11.8
2018/01/01 00:17:04,001e0610bc07,metsense,pr103j2,temperature,457,-10.95
2018/01/01 00:17:04,001e0610ef27,metsense,pr103j2,temperature,456,-11.05
2018/01/01 00:17:09,001e0610ba18,metsense,pr103j2,temperature,454,-11.15
2018/01/01 00:17:10,001e0610ba57,metsense,pr103j2,temperature,444,-11.9
2018/01/01 00:17:11,001e0610ba3b,metsense,pr103j2,temperature,473,-9.8
2018/01/01 00:17:15,001e0610bc07,metsense,pr103j2,temperature,460,-10.75
2018/01/01 00:17:18,001e0610e532,metsense,pr103j2,temperature,450,-11.45
2018/01/01 00:17:19,001e0610e540,metsense,pr103j2,temperature,447,-11.7
2018/01/01 00:17:23,001e0610ee61,metsense,pr103j2,temperature,448,-11.6
2018/01/01 00:17:28,001e0610ef27,metsense,pr103j2,temperature,453,-11.25
2018/01/01 00:17:28,001e0610fb4c,metsense,pr103j2,temperature,445,-11.8
2018/01/01 00:17:33,001e0610ba57,metsense,pr103j2,temperature,443,-11.95
2018/01/01 00:17:34,001e0610ba3b,metsense,pr103j2,temperature,474,-9.75
2018/01/01 00:17:35,001e0610ba18,metsense,pr103j2,temperature,453,-11.25
2018/01/01 00:17:35,001e0610ef27,metsense,pr103j2,temperature,453,-11.25
2018/01/01 00:17:38,001e0610bc07,metsense,pr103j2,temperature,455,-11.1
2018/01/01 00:17:43,001e0610e540,metsense,pr103j2,temperature,446,-11.75
2018/01/01 00:17:44,001e0610e532,metsense,pr103j2,temperature,450,-11.45
2018/01/01 00:17:46,001e0610ee61,metsense,pr103j2,temperature,447,-11.7
2018/01/01 00:17:51,001e0610fb4c,metsense,pr103j2,temperature,445,-11.8
2018/01/01 00:17:57,001e0610ba3b,metsense,pr103j2,temperature,472,-9.85
2018/01/01 00:17:57,001e0610ba57,metsense,pr103j2,temperature,443,-11.95
2018/01/01 00:17:58,001e0610ba18,metsense,pr103j2,temperature,449,-11.55
2018/01/01 00:18:01,001e0610ef27,metsense,pr103j2,temperature,453,-11.25
2018/01/01 00:18:04,001e0610bc07,metsense,pr103j2,temperature,451,-11.4
2018/01/01 00:18:07,001e0610e532,metsense,pr103j2,temperature,448,-11.6
2018/01/01 00:18:07,001e0610e540,metsense,pr103j2,temperature,446,-11.75
2018/01/01 00:18:09,001e0610ee61,metsense,pr103j2,temperature,450,-11.45
2018/01/01 00:18:14,001e0610fb4c,metsense,pr103j2,temperature,445,-11.8
2018/01/01 00:18:21,001e0610ba18,metsense,pr103j2,temperature,448,-11.6
2018/01/01 00:18:21,001e0610ba57,metsense,pr103j2,temperature,444,-11.9
2018/01/01 00:18:23,001e0610ba3b,metsense,pr103j2,temperature,475,-9.65
2018/01/01 00:18:30,001e0610e532,metsense,pr103j2,temperature,447,-11.7
2018/01/01 00:18:31,001e0610e540,metsense,pr103j2,temperature,448,-11.6
2018/01/01 00:18:35,001e0610ee61,metsense,pr103j2,temperature,446,-11.75
2018/01/01 00:18:41,001e0610ef27,metsense,pr103j2,temperature,453,-11.25
2018/01/01 00:18:41,001e0610fb4c,metsense,pr103j2,temperature,447,-11.7
2018/01/01 00:18:45,001e0610ba57,metsense,pr103j2,temperature,442,-12.05
2018/01/01 00:18:46,001e0610ba3b,metsense,pr103j2,temperature,477,-9.5
2018/01/01 00:18:47,001e0610ba18,metsense,pr103j2,temperature,446,-11.75
2018/01/01 00:18:47,001e0610bc07,metsense,pr103j2,temperature,455,-11.1
2018/01/01 00:18:55,001e0610e540,metsense,pr103j2,temperature,448,-11.6
2018/01/01 00:18:56,001e0610e532,metsense,pr103j2,temperature,445,-11.8
2018/01/01 00:18:58,001e0610ee61,metsense,pr103j2,temperature,446,-11.75
2018/01/01 00:19:04,001e0610fb4c,metsense,pr103j2,temperature,445,-11.8
2018/01/01 00:19:05,001e0610ef27,metsense,pr103j2,temperature,453,-11.25
2018/01/01 00:19:10,001e0610ba18,metsense,pr103j2,temperature,450,-11.45
2018/01/01 00:19:10,001e0610ba3b,metsense,pr103j2,temperature,482,-9.15
2018/01/01 00:19:10,001e0610bc07,metsense,pr103j2,temperature,457,-10.95
2018/01/01 00:19:14,001e0610ef27,metsense,pr103j2,temperature,454,-11.15
2018/01/01 00:19:19,001e0610e532,metsense,pr103j2,temperature,444,-11.9
2018/01/01 00:19:21,001e0610e540,metsense,pr103j2,temperature,445,-11.8
2018/01/01 00:19:21,001e0610ee61,metsense,pr103j2,temperature,446,-11.75
2018/01/01 00:19:27,001e0610fb4c,metsense,pr103j2,temperature,444,-11.9
2018/01/01 00:19:33,001e0610ba18,metsense,pr103j2,temperature,449,-11.55
2018/01/01 00:19:34,001e0610ba57,metsense,pr103j2,temperature,443,-11.95
2018/01/01 00:19:36,001e0610ba3b,metsense,pr103j2,temperature,478,-9.45
2018/01/01 00:19:36,001e0610bc07,metsense,pr103j2,temperature,460,-10.75
2018/01/01 00:19:38,001e0610ef27,metsense,pr103j2,temperature,453,-11.25
2018/01/01 00:19:42,001e0610e532,metsense,pr103j2,temperature,446,-11.75
2018/01/01 00:19:44,001e0610e540,metsense,pr103j2,temperature,448,-11.6
2018/01/01 00:19:47,001e0610bc07,metsense,pr103j2,temperature,457,-10.95
2018/01/01 00:19:47,001e0610ee61,metsense,pr103j2,temperature,446,-11.75
2018/01/01 00:19:50,001e0610fb4c,metsense,pr103j2,temperature,443,-11.95
2018/01/01 00:19:57,001e0610ba18,metsense,pr103j2,temperature,448,-11.6
2018/01/01 00:19:57,001e0610ba57,metsense,pr103j2,temperature,445,-11.8
2018/01/01 00:20:07,001e0610e540,metsense,pr103j2,temperature,448,-11.6
2018/01/01 00:20:08,001e0610e532,metsense,pr103j2,temperature,445,-11.8
2018/01/01 00:20:10,001e0610bc07,metsense,pr103j2,temperature,457,-10.95
2018/01/01 00:20:10,001e0610ee61,metsense,pr103j2,temperature,446,-11.75
2018/01/01 00:20:13,001e0610ef27,metsense,pr103j2,temperature,451,-11.4
2018/01/01 00:20:14,001e0610fb4c,metsense,pr103j2,temperature,445,-11.8
2018/01/01 00:20:16,001e0610ef27,metsense,pr103j2,temperature,453,-11.25
2018/01/01 00:20:20,001e0610ba18,metsense,pr103j2,temperature,448,-11.6
2018/01/01 00:20:21,001e0610ba57,metsense,pr103j2,temperature,444,-11.9
2018/01/01 00:20:23,001e0610ba3b,metsense,pr103j2,temperature,480,-9.3
2018/01/01 00:20:31,001e0610e532,metsense,pr103j2,temperature,447,-11.7
2018/01/01 00:20:33,001e0610e540,metsense,pr103j2,temperature,449,-11.55
2018/01/01 00:20:33,001e0610ee61,metsense,pr103j2,temperature,448,-11.6
2018/01/01 00:20:36,001e0610bc07,metsense,pr103j2,temperature,454,-11.15
2018/01/01 00:20:38,001e0610fb4c,metsense,pr103j2,temperature,445,-11.8
2018/01/01 00:20:45,001e0610ba18,metsense,pr103j2,temperature,446,-11.75
2018/01/01 00:20:45,001e0610ba57,metsense,pr103j2,temperature,445,-11.8
2018/01/01 00:20:46,001e0610ba3b,metsense,pr103j2,temperature,473,-9.8
2018/01/01 00:20:49,001e0610bc07,metsense,pr103j2,temperature,457,-10.95
2018/01/01 00:20:51,001e0610ef27,metsense,pr103j2,temperature,451,-11.4
2018/01/01 00:20:54,001e0610e532,metsense,pr103j2,temperature,447,-11.7
2018/01/01 00:20:56,001e0610e540,metsense,pr103j2,temperature,449,-11.55
2018/01/01 00:20:59,001e0610ee61,metsense,pr103j2,temperature,447,-11.7
2018/01/01 00:21:02,001e0610fb4c,metsense,pr103j2,temperature,446,-11.75
2018/01/01 00:21:09,001e0610ba18,metsense,pr103j2,temperature,445,-11.8
2018/01/01 00:21:09,001e0610ba57,metsense,pr103j2,temperature,444,-11.9
2018/01/01 00:21:12,001e0610ba3b,metsense,pr103j2,temperature,471,-9.95
2018/01/01 00:21:12,001e0610bc07,metsense,pr103j2,temperature,454,-11.15
2018/01/01 00:21:15,001e0610ef27,metsense,pr103j2,temperature,451,-11.4
2018/01/01 00:21:17,001e0610e532,metsense,pr103j2,temperature,451,-11.4
2018/01/01 00:21:19,001e0610e540,metsense,pr103j2,temperature,451,-11.4
2018/01/01 00:21:22,001e0610ee61,metsense,pr103j2,temperature,447,-11.7
2018/01/01 00:21:26,001e0610fb4c,metsense,pr103j2,temperature,444,-11.9
2018/01/01 00:21:32,001e0610ba18,metsense,pr103j2,temperature,447,-11.7
2018/01/01 00:21:35,001e0610ba3b,metsense,pr103j2,temperature,470,-10.0
2018/01/01 00:21:35,001e0610ba57,metsense,pr103j2,temperature,443,-11.95
2018/01/01 00:21:38,001e0610bc07,metsense,pr103j2,temperature,454,-11.15
2018/01/01 00:21:41,001e0610e532,metsense,pr103j2,temperature,455,-11.1
2018/01/01 00:21:45,001e0610e540,metsense,pr103j2,temperature,449,-11.55
2018/01/01 00:21:45,001e0610ee61,metsense,pr103j2,temperature,446,-11.75
2018/01/01 00:21:47,001e0610ef27,metsense,pr103j2,temperature,450,-11.45
2018/01/01 00:21:50,001e0610fb4c,metsense,pr103j2,temperature,445,-11.8
2018/01/01 00:21:52,001e0610ef27,metsense,pr103j2,temperature,451,-11.4
2018/01/01 00:21:56,001e0610ba18,metsense,pr103j2,temperature,448,-11.6
2018/01/01 00:21:58,001e0610ba3b,metsense,pr103j2,temperature,471,-9.95
2018/01/01 00:22:01,001e0610ba57,metsense,pr103j2,temperature,445,-11.8
2018/01/01 00:22:05,001e0610e532,metsense,pr103j2,temperature,458,-10.9
2018/01/01 00:22:08,001e0610e540,metsense,pr103j2,temperature,450,-11.45
2018/01/01 00:22:08,001e0610ee61,metsense,pr103j2,temperature,447,-11.7
2018/01/01 00:22:14,001e0610fb4c,metsense,pr103j2,temperature,444,-11.9
2018/01/01 00:22:20,001e0610ba18,metsense,pr103j2,temperature,450,-11.45
2018/01/01 00:22:21,001e0610ba3b,metsense,pr103j2,temperature,468,-10.15
2018/01/01 00:22:22,001e0610bc07,metsense,pr103j2,temperature,453,-11.25
2018/01/01 00:22:26,001e0610ef27,metsense,pr103j2,temperature,449,-11.55
2018/01/01 00:22:30,001e0610e532,metsense,pr103j2,temperature,457,-10.95
2018/01/01 00:22:31,001e0610e540,metsense,pr103j2,temperature,449,-11.55
2018/01/01 00:22:33,001e0610ee61,metsense,pr103j2,temperature,448,-11.6
2018/01/01 00:22:38,001e0610fb4c,metsense,pr103j2,temperature,446,-11.75
2018/01/01 00:22:44,001e0610ba18,metsense,pr103j2,temperature,448,-11.6
2018/01/01 00:22:45,001e0610ba3b,metsense,pr103j2,temperature,467,-10.25
2018/01/01 00:22:45,001e0610bc07,metsense,pr103j2,temperature,452,-11.3
2018/01/01 00:22:46,001e0610ba57,metsense,pr103j2,temperature,443,-11.95
2018/01/01 00:22:52,001e0610ef27,metsense,pr103j2,temperature,449,-11.55
2018/01/01 00:22:54,001e0610e532,metsense,pr103j2,temperature,456,-11.05
2018/01/01 00:22:56,001e0610ee61,metsense,pr103j2,temperature,449,-11.55
2018/01/01 00:22:57,001e0610e540,metsense,pr103j2,temperature,449,-11.55
2018/01/01 00:23:02,001e0610fb4c,metsense,pr103j2,temperature,447,-11.7
2018/01/01 00:23:08,001e0610ba18,metsense,pr103j2,temperature,449,-11.55
2018/01/01 00:23:08,001e0610bc07,metsense,pr103j2,temperature,456,-11.05
2018/01/01 00:23:09,001e0610ba3b,metsense,pr103j2,temperature,466,-10.3
2018/01/01 00:23:12,001e0610ba57,metsense,pr103j2,temperature,444,-11.9
2018/01/01 00:23:17,001e0610ef27,metsense,pr103j2,temperature,450,-11.45
2018/01/01 00:23:18,001e0610e532,metsense,pr103j2,temperature,457,-10.95
2018/01/01 00:23:20,001e0610e540,metsense,pr103j2,temperature,449,-11.55
2018/01/01 00:23:20,001e0610ee61,metsense,pr103j2,temperature,450,-11.45
2018/01/01 00:23:21,001e0610bc07,metsense,pr103j2,temperature,454,-11.15
2018/01/01 00:23:24,001e0610ef27,metsense,pr103j2,temperature,449,-11.55
2018/01/01 00:23:26,001e0610fb4c,metsense,pr103j2,temperature,447,-11.7
2018/01/01 00:23:32,001e0610ba18,metsense,pr103j2,temperature,447,-11.7
2018/01/01 00:23:33,001e0610ba3b,metsense,pr103j2,temperature,466,-10.3
2018/01/01 00:23:35,001e0610ba57,metsense,pr103j2,temperature,443,-11.95
2018/01/01 00:23:42,001e0610e532,metsense,pr103j2,temperature,459,-10.8
2018/01/01 00:23:43,001e0610e540,metsense,pr103j2,temperature,450,-11.45
2018/01/01 00:23:44,001e0610ee61,metsense,pr103j2,temperature,449,-11.55
2018/01/01 00:23:45,001e0610bc07,metsense,pr103j2,temperature,455,-11.1
2018/01/01 00:23:49,001e0610ef27,metsense,pr103j2,temperature,448,-11.6
2018/01/01 00:23:52,001e0610fb4c,metsense,pr103j2,temperature,446,-11.75
2018/01/01 00:23:56,001e0610ba18,metsense,pr103j2,temperature,448,-11.6
2018/01/01 00:23:57,001e0610ba3b,metsense,pr103j2,temperature,468,-10.15
2018/01/01 00:24:06,001e0610e532,metsense,pr103j2,temperature,457,-10.95
2018/01/01 00:24:08,001e0610ee61,metsense,pr103j2,temperature,449,-11.55
2018/01/01 00:24:09,001e0610bc07,metsense,pr103j2,temperature,452,-11.3
2018/01/01 00:24:09,001e0610e540,metsense,pr103j2,temperature,448,-11.6
2018/01/01 00:24:15,001e0610fb4c,metsense,pr103j2,temperature,446,-11.75
2018/01/01 00:24:21,001e0610ba3b,metsense,pr103j2,temperature,470,-10.0
2018/01/01 00:24:22,001e0610ba18,metsense,pr103j2,temperature,449,-11.55
2018/01/01 00:24:22,001e0610ba57,metsense,pr103j2,temperature,443,-11.95
2018/01/01 00:24:25,001e0610bc07,metsense,pr103j2,temperature,452,-11.3
2018/01/01 00:24:30,001e0610e532,metsense,pr103j2,temperature,457,-10.95
2018/01/01 00:24:30,001e0610ef27,metsense,pr103j2,temperature,450,-11.45
2018/01/01 00:24:32,001e0610e540,metsense,pr103j2,temperature,446,-11.75
2018/01/01 00:24:32,001e0610ee61,metsense,pr103j2,temperature,449,-11.55
2018/01/01 00:24:38,001e0610fb4c,metsense,pr103j2,temperature,444,-11.9
2018/01/01 00:24:45,001e0610ba18,metsense,pr103j2,temperature,451,-11.4
2018/01/01 00:24:45,001e0610ba3b,metsense,pr103j2,temperature,468,-10.15
2018/01/01 00:24:48,001e0610ba57,metsense,pr103j2,temperature,445,-11.8
2018/01/01 00:24:49,001e0610bc07,metsense,pr103j2,temperature,451,-11.4
2018/01/01 00:24:54,001e0610e532,metsense,pr103j2,temperature,455,-11.1
2018/01/01 00:24:54,001e0610ef27,metsense,pr103j2,temperature,449,-11.55
2018/01/01 00:24:55,001e0610e540,metsense,pr103j2,temperature,448,-11.6
2018/01/01 00:24:56,001e0610ee61,metsense,pr103j2,temperature,444,-11.9
2018/01/01 00:25:02,001e0610ef27,metsense,pr103j2,temperature,448,-11.6
2018/01/01 00:25:04,001e0610fb4c,metsense,pr103j2,temperature,444,-11.9
2018/01/01 00:25:08,001e0610ba18,metsense,pr103j2,temperature,450,-11.45
2018/01/01 00:25:09,001e0610ba3b,metsense,pr103j2,temperature,469,-10.1
2018/01/01 00:25:11,001e0610ba57,metsense,pr103j2,temperature,441,-12.1
2018/01/01 00:25:13,001e0610bc07,metsense,pr103j2,temperature,450,-11.45
2018/01/01 00:25:20,001e0610e532,metsense,pr103j2,temperature,455,-11.1
2018/01/01 00:25:21,001e0610e540,metsense,pr103j2,temperature,448,-11.6
2018/01/01 00:25:21,001e0610ee61,metsense,pr103j2,temperature,443,-11.95
2018/01/01 00:25:27,001e0610fb4c,metsense,pr103j2,temperature,444,-11.9
2018/01/01 00:25:28,001e0610ef27,metsense,pr103j2,temperature,450,-11.45
2018/01/01 00:25:34,001e0610ba18,metsense,pr103j2,temperature,447,-11.7
2018/01/01 00:25:34,001e0610ba57,metsense,pr103j2,temperature,445,-11.8
2018/01/01 00:25:35,001e0610ba3b,metsense,pr103j2,temperature,471,-9.95
2018/01/01 00:25:43,001e0610e532,metsense,pr103j2,temperature,452,-11.3
2018/01/01 00:25:44,001e0610e540,metsense,pr103j2,temperature,449,-11.55
2018/01/01 00:25:45,001e0610ee61,metsense,pr103j2,temperature,443,-11.95
2018/01/01 00:25:50,001e0610fb4c,metsense,pr103j2,temperature,443,-11.95
2018/01/01 00:25:57,001e0610ba18,metsense,pr103j2,temperature,448,-11.6
2018/01/01 00:25:57,001e0610bc07,metsense,pr103j2,temperature,451,-11.4
2018/01/01 00:25:58,001e0610ba3b,metsense,pr103j2,temperature,469,-10.1
2018/01/01 00:26:03,001e0610ba57,metsense,pr103j2,temperature,443,-11.95
2018/01/01 00:26:06,001e0610e532,metsense,pr103j2,temperature,450,-11.45
2018/01/01 00:26:07,001e0610e540,metsense,pr103j2,temperature,447,-11.7
2018/01/01 00:26:08,001e0610ef27,metsense,pr103j2,temperature,450,-11.45
2018/01/01 00:26:09,001e0610ee61,metsense,pr103j2,temperature,443,-11.95
2018/01/01 00:26:16,001e0610fb4c,metsense,pr103j2,temperature,444,-11.9
2018/01/01 00:26:20,001e0610ba18,metsense,pr103j2,temperature,449,-11.55
2018/01/01 00:26:21,001e0610ba3b,metsense,pr103j2,temperature,468,-10.15
2018/01/01 00:26:21,001e0610bc07,metsense,pr103j2,temperature,451,-11.4
2018/01/01 00:26:23,001e0610ba57,metsense,pr103j2,temperature,442,-12.05
2018/01/01 00:26:30,001e0610e540,metsense,pr103j2,temperature,447,-11.7
2018/01/01 00:26:30,001e0610ef27,metsense,pr103j2,temperature,451,-11.4
2018/01/01 00:26:32,001e0610e532,metsense,pr103j2,temperature,454,-11.15
2018/01/01 00:26:33,001e0610ee61,metsense,pr103j2,temperature,444,-11.9
2018/01/01 00:26:39,001e0610fb4c,metsense,pr103j2,temperature,446,-11.75
2018/01/01 00:26:40,001e0610ef27,metsense,pr103j2,temperature,449,-11.55
2018/01/01 00:26:46,001e0610ba18,metsense,pr103j2,temperature,451,-11.4
2018/01/01 00:26:47,001e0610ba3b,metsense,pr103j2,temperature,468,-10.15
2018/01/01 00:26:47,001e0610bc07,metsense,pr103j2,temperature,449,-11.55
2018/01/01 00:26:49,001e0610ba57,metsense,pr103j2,temperature,440,-12.2
2018/01/01 00:26:54,001e0610e540,metsense,pr103j2,temperature,447,-11.7
2018/01/01 00:26:55,001e0610e532,metsense,pr103j2,temperature,451,-11.4
2018/01/01 00:26:59,001e0610ee61,metsense,pr103j2,temperature,442,-12.05
2018/01/01 00:27:02,001e0610fb4c,metsense,pr103j2,temperature,446,-11.75
2018/01/01 00:27:05,001e0610ef27,metsense,pr103j2,temperature,450,-11.45
2018/01/01 00:27:10,001e0610ba18,metsense,pr103j2,temperature,448,-11.6
2018/01/01 00:27:10,001e0610ba3b,metsense,pr103j2,temperature,469,-10.1
2018/01/01 00:27:10,001e0610bc07,metsense,pr103j2,temperature,447,-11.7
2018/01/01 00:27:12,001e0610ba57,metsense,pr103j2,temperature,442,-12.05
2018/01/01 00:27:18,001e0610e532,metsense,pr103j2,temperature,451,-11.4
2018/01/01 00:27:18,001e0610e540,metsense,pr103j2,temperature,447,-11.7
2018/01/01 00:27:22,001e0610bc07,metsense,pr103j2,temperature,447,-11.7
2018/01/01 00:27:22,001e0610ee61,metsense,pr103j2,temperature,444,-11.9
2018/01/01 00:27:28,001e0610fb4c,metsense,pr103j2,temperature,447,-11.7
2018/01/01 00:27:33,001e0610ba18,metsense,pr103j2,temperature,450,-11.45
2018/01/01 00:27:33,001e0610ba3b,metsense,pr103j2,temperature,466,-10.3
2018/01/01 00:27:38,001e0610ba57,metsense,pr103j2,temperature,442,-12.05
2018/01/01 00:27:42,001e0610e540,metsense,pr103j2,temperature,448,-11.6
2018/01/01 00:27:44,001e0610e532,metsense,pr103j2,temperature,452,-11.3
2018/01/01 00:27:45,001e0610ee61,metsense,pr103j2,temperature,447,-11.7
2018/01/01 00:27:45,001e0610ef27,metsense,pr103j2,temperature,450,-11.45
2018/01/01 00:27:48,001e0610bc07,metsense,pr103j2,temperature,446,-11.75
2018/01/01 00:27:51,001e0610fb4c,metsense,pr103j2,temperature,446,-11.75
2018/01/01 00:27:58,001e0610ba57,metsense,pr103j2,temperature,444,-11.9
2018/01/01 00:27:59,001e0610ba18,metsense,pr103j2,temperature,449,-11.55
2018/01/01 00:27:59,001e0610ba3b,metsense,pr103j2,temperature,464,-10.45
2018/01/01 00:28:07,001e0610e532,metsense,pr103j2,temperature,452,-11.3
2018/01/01 00:28:07,001e0610e540,metsense,pr103j2,temperature,447,-11.7
2018/01/01 00:28:11,001e0610bc07,metsense,pr103j2,temperature,447,-11.7
2018/01/01 00:28:11,001e0610ee61,metsense,pr103j2,temperature,445,-11.8
2018/01/01 00:28:11,001e0610ef27,metsense,pr103j2,temperature,451,-11.4
2018/01/01 00:28:14,001e0610fb4c,metsense,pr103j2,temperature,444,-11.9
2018/01/01 00:28:17,001e0610ef27,metsense,pr103j2,temperature,449,-11.55
2018/01/01 00:28:21,001e0610ba57,metsense,pr103j2,temperature,442,-12.05
2018/01/01 00:28:22,001e0610ba18,metsense,pr103j2,temperature,450,-11.45
2018/01/01 00:28:22,001e0610ba3b,metsense,pr103j2,temperature,463,-10.5
2018/01/01 00:28:22,001e0610bc07,metsense,pr103j2,temperature,448,-11.6
2018/01/01 00:28:30,001e0610e532,metsense,pr103j2,temperature,452,-11.3
2018/01/01 00:28:31,001e0610e540,metsense,pr103j2,temperature,447,-11.7
2018/01/01 00:28:34,001e0610ee61,metsense,pr103j2,temperature,446,-11.75
2018/01/01 00:28:39,001e0610ef27,metsense,pr103j2,temperature,449,-11.55
2018/01/01 00:28:40,001e0610fb4c,metsense,pr103j2,temperature,443,-11.95
2018/01/01 00:28:45,001e0610ba18,metsense,pr103j2,temperature,450,-11.45
2018/01/01 00:28:45,001e0610ba3b,metsense,pr103j2,temperature,461,-10.65
2018/01/01 00:28:46,001e0610ba57,metsense,pr103j2,temperature,443,-11.95
2018/01/01 00:28:48,001e0610bc07,metsense,pr103j2,temperature,450,-11.45
2018/01/01 00:28:55,001e0610e540,metsense,pr103j2,temperature,447,-11.7
2018/01/01 00:28:56,001e0610e532,metsense,pr103j2,temperature,452,-11.3
2018/01/01 00:28:57,001e0610ee61,metsense,pr103j2,temperature,446,-11.75
2018/01/01 00:29:03,001e0610fb4c,metsense,pr103j2,temperature,445,-11.8
2018/01/01 00:29:11,001e0610ba18,metsense,pr103j2,temperature,450,-11.45
2018/01/01 00:29:11,001e0610bc07,metsense,pr103j2,temperature,452,-11.3
2018/01/01 00:29:12,001e0610ba3b,metsense,pr103j2,temperature,461,-10.65
2018/01/01 00:29:19,001e0610e532,metsense,pr103j2,temperature,452,-11.3
2018/01/01 00:29:19,001e0610e540,metsense,pr103j2,temperature,448,-11.6
2018/01/01 00:29:21,001e0610ef27,metsense,pr103j2,temperature,450,-11.45
2018/01/01 00:29:23,001e0610ee61,metsense,pr103j2,temperature,446,-11.75
2018/01/01 00:29:26,001e0610fb4c,metsense,pr103j2,temperature,446,-11.75
2018/01/01 00:29:34,001e0610ba18,metsense,pr103j2,temperature,450,-11.45
2018/01/01 00:29:34,001e0610ba57,metsense,pr103j2,temperature,440,-12.2
2018/01/01 00:29:35,001e0610ba3b,metsense,pr103j2,temperature,461,-10.65
2018/01/01 00:29:42,001e0610e532,metsense,pr103j2,temperature,451,-11.4
2018/01/01 00:29:42,001e0610ef27,metsense,pr103j2,temperature,453,-11.25
2018/01/01 00:29:43,001e0610e540,metsense,pr103j2,temperature,449,-11.55
2018/01/01 00:29:46,001e0610ee61,metsense,pr103j2,temperature,445,-11.8
2018/01/01 00:29:49,001e0610ef27,metsense,pr103j2,temperature,451,-11.4
2018/01/01 00:29:52,001e0610fb4c,metsense,pr103j2,temperature,450,-11.45
2018/01/01 00:29:55,001e0610bc07,metsense,pr103j2,temperature,453,-11.25
2018/01/01 00:29:57,001e0610ba18,metsense,pr103j2,temperature,451,-11.4
2018/01/01 00:29:57,001e0610ba57,metsense,pr103j2,temperature,440,-12.2
2018/01/01 00:29:58,001e0610ba3b,metsense,pr103j2,temperature,461,-10.65
2018/01/01 00:30:07,001e0610e540,metsense,pr103j2,temperature,447,-11.7
2018/01/01 00:30:08,001e0610e532,metsense,pr103j2,temperature,450,-11.45
2018/01/01 00:30:09,001e0610ee61,metsense,pr103j2,temperature,444,-11.9
2018/01/01 00:30:16,001e0610fb4c,metsense,pr103j2,temperature,450,-11.45
2018/01/01 00:30:17,001e0610ef27,metsense,pr103j2,temperature,453,-11.25
2018/01/01 00:30:21,001e0610ba57,metsense,pr103j2,temperature,444,-11.9
2018/01/01 00:30:21,001e0610bc07,metsense,pr103j2,temperature,454,-11.15
2018/01/01 00:30:23,001e0610ba18,metsense,pr103j2,temperature,449,-11.55
2018/01/01 00:30:24,001e0610ba3b,metsense,pr103j2,temperature,463,-10.5
2018/01/01 00:30:31,001e0610e532,metsense,pr103j2,temperature,454,-11.15
2018/01/01 00:30:33,001e0610e540,metsense,pr103j2,temperature,444,-11.9
2018/01/01 00:30:35,001e0610ee61,metsense,pr103j2,temperature,446,-11.75
2018/01/01 00:30:39,001e0610fb4c,metsense,pr103j2,temperature,448,-11.6
2018/01/01 00:30:44,001e0610bc07,metsense,pr103j2,temperature,457,-10.95
2018/01/01 00:30:45,001e0610ba57,metsense,pr103j2,temperature,440,-12.2
2018/01/01 00:30:46,001e0610ba18,metsense,pr103j2,temperature,445,-11.8
2018/01/01 00:30:47,001e0610ba3b,metsense,pr103j2,temperature,466,-10.3
2018/01/01 00:30:54,001e0610e532,metsense,pr103j2,temperature,452,-11.3
2018/01/01 00:30:54,001e0610ef27,metsense,pr103j2,temperature,453,-11.25
2018/01/01 00:30:55,001e0610bc07,metsense,pr103j2,temperature,454,-11.15
2018/01/01 00:30:56,001e0610e540,metsense,pr103j2,temperature,445,-11.8
2018/01/01 00:30:58,001e0610ee61,metsense,pr103j2,temperature,446,-11.75
2018/01/01 00:31:02,001e0610fb4c,metsense,pr103j2,temperature,448,-11.6
2018/01/01 00:31:09,001e0610ba18,metsense,pr103j2,temperature,443,-11.95
2018/01/01 00:31:09,001e0610ba57,metsense,pr103j2,temperature,441,-12.1
2018/01/01 00:31:10,001e0610ba3b,metsense,pr103j2,temperature,466,-10.3
2018/01/01 00:31:19,001e0610e540,metsense,pr103j2,temperature,444,-11.9
2018/01/01 00:31:19,001e0610ef27,metsense,pr103j2,temperature,452,-11.3
2018/01/01 00:31:20,001e0610e532,metsense,pr103j2,temperature,449,-11.55
2018/01/01 00:31:21,001e0610bc07,metsense,pr103j2,temperature,450,-11.45
2018/01/01 00:31:21,001e0610ee61,metsense,pr103j2,temperature,444,-11.9
2018/01/01 00:31:26,001e0610fb4c,metsense,pr103j2,temperature,448,-11.6
2018/01/01 00:31:32,001e0610ba18,metsense,pr103j2,temperature,443,-11.95
2018/01/01 00:31:33,001e0610ba3b,metsense,pr103j2,temperature,465,-10.4
2018/01/01 00:31:33,001e0610ba57,metsense,pr103j2,temperature,442,-12.05
2018/01/01 00:31:43,001e0610e532,metsense,pr103j2,temperature,451,-11.4
2018/01/01 00:31:45,001e0610bc07,metsense,pr103j2,temperature,451,-11.4
2018/01/01 00:31:45,001e0610e540,metsense,pr103j2,temperature,444,-11.9
2018/01/01 00:31:47,001e0610ee61,metsense,pr103j2,temperature,442,-12.05
2018/01/01 00:31:48,001e0610ef27,metsense,pr103j2,temperature,451,-11.4
2018/01/01 00:31:50,001e0610fb4c,metsense,pr103j2,temperature,446,-11.75
2018/01/01 00:31:53,001e0610ef27,metsense,pr103j2,temperature,452,-11.3
2018/01/01 00:31:56,001e0610ba18,metsense,pr103j2,temperature,442,-12.05
2018/01/01 00:31:57,001e0610ba3b,metsense,pr103j2,temperature,466,-10.3
2018/01/01 00:31:57,001e0610bc07,metsense,pr103j2,temperature,450,-11.45
2018/01/01 00:32:06,001e0610e532,metsense,pr103j2,temperature,455,-11.1
2018/01/01 00:32:08,001e0610e540,metsense,pr103j2,temperature,445,-11.8
2018/01/01 00:32:10,001e0610ee61,metsense,pr103j2,temperature,441,-12.1
2018/01/01 00:32:14,001e0610fb4c,metsense,pr103j2,temperature,444,-11.9
2018/01/01 00:32:19,001e0610ef27,metsense,pr103j2,temperature,451,-11.4
2018/01/01 00:32:20,001e0610ba18,metsense,pr103j2,temperature,440,-12.2
2018/01/01 00:32:21,001e0610ba3b,metsense,pr103j2,temperature,464,-10.45
2018/01/01 00:32:23,001e0610ba57,metsense,pr103j2,temperature,442,-12.05
2018/01/01 00:32:23,001e0610bc07,metsense,pr103j2,temperature,455,-11.1
2018/01/01 00:32:29,001e0610e532,metsense,pr103j2,temperature,455,-11.1
2018/01/01 00:32:31,001e0610e540,metsense,pr103j2,temperature,445,-11.8
2018/01/01 00:32:33,001e0610ee61,metsense,pr103j2,temperature,443,-11.95
2018/01/01 00:32:38,001e0610fb4c,metsense,pr103j2,temperature,447,-11.7
2018/01/01 00:32:44,001e0610ba18,metsense,pr103j2,temperature,440,-12.2
2018/01/01 00:32:45,001e0610ba3b,metsense,pr103j2,temperature,466,-10.3
2018/01/01 00:32:46,001e0610bc07,metsense,pr103j2,temperature,451,-11.4
2018/01/01 00:32:53,001e0610e532,metsense,pr103j2,temperature,456,-11.05
2018/01/01 00:32:57,001e0610e540,metsense,pr103j2,temperature,445,-11.8
2018/01/01 00:32:57,001e0610ef27,metsense,pr103j2,temperature,449,-11.55
2018/01/01 00:32:59,001e0610ee61,metsense,pr103j2,temperature,441,-12.1
2018/01/01 00:33:02,001e0610fb4c,metsense,pr103j2,temperature,446,-11.75
2018/01/01 00:33:08,001e0610ba18,metsense,pr103j2,temperature,438,-12.35
2018/01/01 00:33:09,001e0610ba3b,metsense,pr103j2,temperature,465,-10.4
2018/01/01 00:33:11,001e0610ba57,metsense,pr103j2,temperature,441,-12.1
2018/01/01 00:33:17,001e0610e532,metsense,pr103j2,temperature,455,-11.1
2018/01/01 00:33:20,001e0610e540,metsense,pr103j2,temperature,444,-11.9
2018/01/01 00:33:22,001e0610ee61,metsense,pr103j2,temperature,442,-12.05
2018/01/01 00:33:25,001e0610ef27,metsense,pr103j2,temperature,447,-11.7
2018/01/01 00:33:26,001e0610fb4c,metsense,pr103j2,temperature,443,-11.95
2018/01/01 00:33:30,001e0610bc07,metsense,pr103j2,temperature,448,-11.6
2018/01/01 00:33:32,001e0610ba18,metsense,pr103j2,temperature,440,-12.2
2018/01/01 00:33:33,001e0610ba3b,metsense,pr103j2,temperature,465,-10.4
2018/01/01 00:33:33,001e0610ef27,metsense,pr103j2,temperature,449,-11.55
2018/01/01 00:33:42,001e0610e532,metsense,pr103j2,temperature,455,-11.1
2018/01/01 00:33:43,001e0610e540,metsense,pr103j2,temperature,445,-11.8
2018/01/01 00:33:45,001e0610ee61,metsense,pr103j2,temperature,439,-12.25
2018/01/01 00:33:50,001e0610fb4c,metsense,pr103j2,temperature,444,-11.9
2018/01/01 00:33:53,001e0610bc07,metsense,pr103j2,temperature,452,-11.3
2018/01/01 00:33:56,001e0610ba18,metsense,pr103j2,temperature,440,-12.2
2018/01/01 00:33:57,001e0610ba3b,metsense,pr103j2,temperature,464,-10.45
2018/01/01 00:33:58,001e0610ba57,metsense,pr103j2,temperature,437,-12.4
2018/01/01 00:34:01,001e0610ef27,metsense,pr103j2,temperature,449,-11.55
2018/01/01 00:34:06,001e0610e532,metsense,pr103j2,temperature,455,-11.1
2018/01/01 00:34:08,001e0610ee61,metsense,pr103j2,temperature,441,-12.1
2018/01/01 00:34:09,001e0610e540,metsense,pr103j2,temperature,448,-11.6
2018/01/01 00:34:14,001e0610fb4c,metsense,pr103j2,temperature,445,-11.8
2018/01/01 00:34:17,001e0610bc07,metsense,pr103j2,temperature,454,-11.15
2018/01/01 00:34:20,001e0610ba18,metsense,pr103j2,temperature,441,-12.1
2018/01/01 00:34:21,001e0610ba3b,metsense,pr103j2,temperature,461,-10.65
2018/01/01 00:34:24,001e0610ba57,metsense,pr103j2,temperature,437,-12.4
2018/01/01 00:34:30,001e0610e532,metsense,pr103j2,temperature,456,-11.05
2018/01/01 00:34:32,001e0610e540,metsense,pr103j2,temperature,447,-11.7
2018/01/01 00:34:32,001e0610ee61,metsense,pr103j2,temperature,441,-12.1
2018/01/01 00:34:33,001e0610bc07,metsense,pr103j2,temperature,455,-11.1
2018/01/01 00:34:38,001e0610fb4c,metsense,pr103j2,temperature,446,-11.75
2018/01/01 00:34:41,001e0610ef27,metsense,pr103j2,temperature,447,-11.7
2018/01/01 00:34:45,001e0610ba3b,metsense,pr103j2,temperature,457,-10.95
2018/01/01 00:34:46,001e0610ba18,metsense,pr103j2,temperature,439,-12.25
2018/01/01 00:34:47,001e0610ba57,metsense,pr103j2,temperature,436,-12.45
2018/01/01 00:34:54,001e0610e532,metsense,pr103j2,temperature,453,-11.25
2018/01/01 00:34:55,001e0610e540,metsense,pr103j2,temperature,446,-11.75
2018/01/01 00:34:57,001e0610bc07,metsense,pr103j2,temperature,449,-11.55
2018/01/01 00:34:57,001e0610ee61,metsense,pr103j2,temperature,441,-12.1
2018/01/01 00:35:02,001e0610fb4c,metsense,pr103j2,temperature,446,-11.75
2018/01/01 00:35:05,001e0610ef27,metsense,pr103j2,temperature,448,-11.6
2018/01/01 00:35:09,001e0610ba18,metsense,pr103j2,temperature,439,-12.25
2018/01/01 00:35:09,001e0610ba3b,metsense,pr103j2,temperature,454,-11.15
2018/01/01 00:35:10,001e0610ba57,metsense,pr103j2,temperature,437,-12.4
2018/01/01 00:35:11,001e0610ef27,metsense,pr103j2,temperature,449,-11.55
2018/01/01 00:35:18,001e0610e532,metsense,pr103j2,temperature,455,-11.1
2018/01/01 00:35:21,001e0610bc07,metsense,pr103j2,temperature,450,-11.45
2018/01/01 00:35:21,001e0610e540,metsense,pr103j2,temperature,445,-11.8
2018/01/01 00:35:21,001e0610ee61,metsense,pr103j2,temperature,440,-12.2
2018/01/01 00:35:26,001e0610fb4c,metsense,pr103j2,temperature,445,-11.8
2018/01/01 00:35:32,001e0610ba18,metsense,pr103j2,temperature,438,-12.35
2018/01/01 00:35:33,001e0610bc07,metsense,pr103j2,temperature,451,-11.4
2018/01/01 00:35:35,001e0610ba3b,metsense,pr103j2,temperature,456,-11.05
2018/01/01 00:35:36,001e0610ba57,metsense,pr103j2,temperature,437,-12.4
2018/01/01 00:35:39,001e0610ef27,metsense,pr103j2,temperature,450,-11.45
2018/01/01 00:35:42,001e0610e532,metsense,pr103j2,temperature,454,-11.15
2018/01/01 00:35:44,001e0610e540,metsense,pr103j2,temperature,443,-11.95
2018/01/01 00:35:45,001e0610ee61,metsense,pr103j2,temperature,442,-12.05
2018/01/01 00:35:46,001e0610ef27,metsense,pr103j2,temperature,451,-11.4
2018/01/01 00:35:52,001e0610fb4c,metsense,pr103j2,temperature,445,-11.8
2018/01/01 00:35:57,001e0610bc07,metsense,pr103j2,temperature,449,-11.55
2018/01/01 00:35:58,001e0610ba18,metsense,pr103j2,temperature,441,-12.1
2018/01/01 00:35:58,001e0610ba3b,metsense,pr103j2,temperature,455,-11.1
2018/01/01 00:35:59,001e0610ba57,metsense,pr103j2,temperature,438,-12.35
2018/01/01 00:36:06,001e0610e532,metsense,pr103j2,temperature,450,-11.45
2018/01/01 00:36:07,001e0610e540,metsense,pr103j2,temperature,443,-11.95
2018/01/01 00:36:09,001e0610ee61,metsense,pr103j2,temperature,441,-12.1
2018/01/01 00:36:15,001e0610fb4c,metsense,pr103j2,temperature,443,-11.95
2018/01/01 00:36:18,001e0610ef27,metsense,pr103j2,temperature,450,-11.45
2018/01/01 00:36:21,001e0610ba18,metsense,pr103j2,temperature,443,-11.95
2018/01/01 00:36:21,001e0610ba3b,metsense,pr103j2,temperature,458,-10.9
2018/01/01 00:36:21,001e0610bc07,metsense,pr103j2,temperature,448,-11.6
2018/01/01 00:36:22,001e0610ba57,metsense,pr103j2,temperature,439,-12.25
2018/01/01 00:36:30,001e0610e532,metsense,pr103j2,temperature,450,-11.45
2018/01/01 00:36:30,001e0610e540,metsense,pr103j2,temperature,442,-12.05
2018/01/01 00:36:35,001e0610ee61,metsense,pr103j2,temperature,442,-12.05
2018/01/01 00:36:38,001e0610fb4c,metsense,pr103j2,temperature,442,-12.05
2018/01/01 00:36:44,001e0610ba18,metsense,pr103j2,temperature,440,-12.2
2018/01/01 00:36:48,001e0610ba57,metsense,pr103j2,temperature,437,-12.4
2018/01/01 00:36:54,001e0610e540,metsense,pr103j2,temperature,442,-12.05
2018/01/01 00:36:56,001e0610e532,metsense,pr103j2,temperature,453,-11.25
2018/01/01 00:36:57,001e0610ef27,metsense,pr103j2,temperature,448,-11.6
2018/01/01 00:36:58,001e0610ee61,metsense,pr103j2,temperature,440,-12.2
2018/01/01 00:37:04,001e0610fb4c,metsense,pr103j2,temperature,442,-12.05
2018/01/01 00:37:10,001e0610ba18,metsense,pr103j2,temperature,439,-12.25
2018/01/01 00:37:11,001e0610ba3b,metsense,pr103j2,temperature,463,-10.5
2018/01/01 00:37:11,001e0610ba57,metsense,pr103j2,temperature,440,-12.2
2018/01/01 00:37:14,001e0610bc07,metsense,pr103j2,temperature,452,-11.3
2018/01/01 00:37:18,001e0610e540,metsense,pr103j2,temperature,443,-11.95
2018/01/01 00:37:19,001e0610e532,metsense,pr103j2,temperature,453,-11.25
2018/01/01 00:37:19,001e0610ef27,metsense,pr103j2,temperature,448,-11.6
2018/01/01 00:37:21,001e0610ee61,metsense,pr103j2,temperature,439,-12.25
2018/01/01 00:37:27,001e0610fb4c,metsense,pr103j2,temperature,439,-12.25
2018/01/01 00:37:34,001e0610ba18,metsense,pr103j2,temperature,438,-12.35
2018/01/01 00:37:34,001e0610ba3b,metsense,pr103j2,temperature,465,-10.4
2018/01/01 00:37:34,001e0610ba57,metsense,pr103j2,temperature,437,-12.4
2018/01/01 00:37:37,001e0610bc07,metsense,pr103j2,temperature,450,-11.45
2018/01/01 00:37:42,001e0610e532,metsense,pr103j2,temperature,453,-11.25
2018/01/01 00:37:42,001e0610e540,metsense,pr103j2,temperature,444,-11.9
2018/01/01 00:37:46,001e0610ef27,metsense,pr103j2,temperature,446,-11.75
2018/01/01 00:37:47,001e0610ee61,metsense,pr103j2,temperature,443,-11.95
2018/01/01 00:37:50,001e0610fb4c,metsense,pr103j2,temperature,440,-12.2
2018/01/01 00:37:53,001e0610ef27,metsense,pr103j2,temperature,447,-11.7
2018/01/01 00:37:57,001e0610ba18,metsense,pr103j2,temperature,438,-12.35
2018/01/01 00:37:57,001e0610ba3b,metsense,pr103j2,temperature,469,-10.1
2018/01/01 00:38:00,001e0610ba57,metsense,pr103j2,temperature,437,-12.4
2018/01/01 00:38:00,001e0610bc07,metsense,pr103j2,temperature,450,-11.45
2018/01/01 00:38:06,001e0610e540,metsense,pr103j2,temperature,444,-11.9
2018/01/01 00:38:08,001e0610e532,metsense,pr103j2,temperature,452,-11.3
2018/01/01 00:38:10,001e0610ee61,metsense,pr103j2,temperature,441,-12.1
2018/01/01 00:38:16,001e0610fb4c,metsense,pr103j2,temperature,438,-12.35
2018/01/01 00:38:23,001e0610ba18,metsense,pr103j2,temperature,439,-12.25
2018/01/01 00:38:23,001e0610ba3b,metsense,pr103j2,temperature,461,-10.65
2018/01/01 00:38:23,001e0610ba57,metsense,pr103j2,temperature,437,-12.4
2018/01/01 00:38:26,001e0610bc07,metsense,pr103j2,temperature,450,-11.45
2018/01/01 00:38:30,001e0610e540,metsense,pr103j2,temperature,443,-11.95
2018/01/01 00:38:31,001e0610e532,metsense,pr103j2,temperature,451,-11.4
2018/01/01 00:38:32,001e0610ef27,metsense,pr103j2,temperature,446,-11.75
2018/01/01 00:38:33,001e0610ee61,metsense,pr103j2,temperature,437,-12.4
2018/01/01 00:38:38,001e0610bc07,metsense,pr103j2,temperature,448,-11.6
2018/01/01 00:38:39,001e0610fb4c,metsense,pr103j2,temperature,439,-12.25
2018/01/01 00:38:46,001e0610ba18,metsense,pr103j2,temperature,440,-12.2
2018/01/01 00:38:47,001e0610ba3b,metsense,pr103j2,temperature,465,-10.4
2018/01/01 00:38:49,001e0610ba57,metsense,pr103j2,temperature,437,-12.4
2018/01/01 00:38:54,001e0610e532,metsense,pr103j2,temperature,448,-11.6
2018/01/01 00:38:55,001e0610e540,metsense,pr103j2,temperature,443,-11.95
2018/01/01 00:38:59,001e0610ee61,metsense,pr103j2,temperature,438,-12.35
2018/01/01 00:38:59,001e0610ef27,metsense,pr103j2,temperature,446,-11.75
2018/01/01 00:39:01,001e0610bc07,metsense,pr103j2,temperature,455,-11.1
2018/01/01 00:39:02,001e0610fb4c,metsense,pr103j2,temperature,439,-12.25
2018/01/01 00:39:09,001e0610ba18,metsense,pr103j2,temperature,438,-12.35
2018/01/01 00:39:09,001e0610ba57,metsense,pr103j2,temperature,436,-12.45
2018/01/01 00:39:10,001e0610ba3b,metsense,pr103j2,temperature,465,-10.4
2018/01/01 00:39:19,001e0610e540,metsense,pr103j2,temperature,442,-12.05
2018/01/01 00:39:20,001e0610e532,metsense,pr103j2,temperature,446,-11.75
2018/01/01 00:39:22,001e0610ee61,metsense,pr103j2,temperature,436,-12.45
2018/01/01 00:39:23,001e0610ef27,metsense,pr103j2,temperature,445,-11.8
2018/01/01 00:39:27,001e0610bc07,metsense,pr103j2,temperature,457,-10.95
2018/01/01 00:39:28,001e0610fb4c,metsense,pr103j2,temperature,441,-12.1
2018/01/01 00:39:30,001e0610ef27,metsense,pr103j2,temperature,447,-11.7
2018/01/01 00:39:33,001e0610ba57,metsense,pr103j2,temperature,438,-12.35
2018/01/01 00:39:36,001e0610ba3b,metsense,pr103j2,temperature,470,-10.0
2018/01/01 00:39:38,001e0610ba18,metsense,pr103j2,temperature,437,-12.4
2018/01/01 00:39:38,001e0610bc07,metsense,pr103j2,temperature,455,-11.1
2018/01/01 00:39:43,001e0610e532,metsense,pr103j2,temperature,446,-11.75
2018/01/01 00:39:43,001e0610e540,metsense,pr103j2,temperature,444,-11.9
2018/01/01 00:39:45,001e0610ee61,metsense,pr103j2,temperature,438,-12.35
2018/01/01 00:39:51,001e0610fb4c,metsense,pr103j2,temperature,441,-12.1
2018/01/01 00:39:57,001e0610ba57,metsense,pr103j2,temperature,439,-12.25
2018/01/01 00:39:58,001e0610ba18,metsense,pr103j2,temperature,436,-12.45
2018/01/01 00:39:59,001e0610ba3b,metsense,pr103j2,temperature,474,-9.75
2018/01/01 00:39:59,001e0610ef27,metsense,pr103j2,temperature,445,-11.8
2018/01/01 00:40:01,001e0610bc07,metsense,pr103j2,temperature,454,-11.15
2018/01/01 00:40:06,001e0610e532,metsense,pr103j2,temperature,443,-11.95
2018/01/01 00:40:07,001e0610e540,metsense,pr103j2,temperature,447,-11.7
2018/01/01 00:40:11,001e0610ee61,metsense,pr103j2,temperature,436,-12.45
2018/01/01 00:40:14,001e0610fb4c,metsense,pr103j2,temperature,440,-12.2
2018/01/01 00:40:21,001e0610ba18,metsense,pr103j2,temperature,441,-12.1
2018/01/01 00:40:22,001e0610ba3b,metsense,pr103j2,temperature,474,-9.75
2018/01/01 00:40:22,001e0610ba57,metsense,pr103j2,temperature,438,-12.35
2018/01/01 00:40:27,001e0610bc07,metsense,pr103j2,temperature,448,-11.6
2018/01/01 00:40:31,001e0610e540,metsense,pr103j2,temperature,447,-11.7
2018/01/01 00:40:32,001e0610e532,metsense,pr103j2,temperature,442,-12.05
2018/01/01 00:40:34,001e0610ee61,metsense,pr103j2,temperature,437,-12.4
2018/01/01 00:40:38,001e0610ef27,metsense,pr103j2,temperature,445,-11.8
2018/01/01 00:40:40,001e0610fb4c,metsense,pr103j2,temperature,440,-12.2
2018/01/01 00:40:45,001e0610ba57,metsense,pr103j2,temperature,437,-12.4
2018/01/01 00:40:47,001e0610ba18,metsense,pr103j2,temperature,441,-12.1
2018/01/01 00:40:48,001e0610ba3b,metsense,pr103j2,temperature,471,-9.95
2018/01/01 00:40:55,001e0610e532,metsense,pr103j2,temperature,442,-12.05
2018/01/01 00:40:55,001e0610e540,metsense,pr103j2,temperature,445,-11.8
2018/01/01 00:40:57,001e0610ee61,metsense,pr103j2,temperature,436,-12.45
2018/01/01 00:41:00,001e0610ef27,metsense,pr103j2,temperature,446,-11.75
2018/01/01 00:41:03,001e0610fb4c,metsense,pr103j2,temperature,439,-12.25
2018/01/01 00:41:08,001e0610ef27,metsense,pr103j2,temperature,445,-11.8
2018/01/01 00:41:09,001e0610ba57,metsense,pr103j2,temperature,439,-12.25
2018/01/01 00:41:10,001e0610ba18,metsense,pr103j2,temperature,440,-12.2
2018/01/01 00:41:11,001e0610ba3b,metsense,pr103j2,temperature,461,-10.65
2018/01/01 00:41:11,001e0610bc07,metsense,pr103j2,temperature,448,-11.6
2018/01/01 00:41:18,001e0610e532,metsense,pr103j2,temperature,444,-11.9
2018/01/01 00:41:21,001e0610e540,metsense,pr103j2,temperature,444,-11.9
2018/01/01 00:41:23,001e0610ee61,metsense,pr103j2,temperature,437,-12.4
2018/01/01 00:41:26,001e0610fb4c,metsense,pr103j2,temperature,440,-12.2
2018/01/01 00:41:33,001e0610ba18,metsense,pr103j2,temperature,440,-12.2
2018/01/01 00:41:33,001e0610ef27,metsense,pr103j2,temperature,445,-11.8
2018/01/01 00:41:34,001e0610ba3b,metsense,pr103j2,temperature,466,-10.3
2018/01/01 00:41:34,001e0610ba57,metsense,pr103j2,temperature,440,-12.2
2018/01/01 00:41:34,001e0610bc07,metsense,pr103j2,temperature,444,-11.9
2018/01/01 00:41:44,001e0610e532,metsense,pr103j2,temperature,445,-11.8
2018/01/01 00:41:44,001e0610e540,metsense,pr103j2,temperature,442,-12.05
2018/01/01 00:41:46,001e0610ee61,metsense,pr103j2,temperature,438,-12.35
2018/01/01 00:41:53,001e0610fb4c,metsense,pr103j2,temperature,438,-12.35
2018/01/01 00:41:56,001e0610ba18,metsense,pr103j2,temperature,439,-12.25
2018/01/01 00:41:57,001e0610ba3b,metsense,pr103j2,temperature,459,-10.8
2018/01/01 00:41:57,001e0610ba57,metsense,pr103j2,temperature,439,-12.25
2018/01/01 00:42:00,001e0610bc07,metsense,pr103j2,temperature,448,-11.6
2018/01/01 00:42:07,001e0610e532,metsense,pr103j2,temperature,447,-11.7
2018/01/01 00:42:07,001e0610e540,metsense,pr103j2,temperature,441,-12.1
2018/01/01 00:42:09,001e0610ee61,metsense,pr103j2,temperature,437,-12.4
2018/01/01 00:42:12,001e0610bc07,metsense,pr103j2,temperature,451,-11.4
2018/01/01 00:42:12,001e0610ef27,metsense,pr103j2,temperature,444,-11.9
2018/01/01 00:42:19,001e0610fb4c,metsense,pr103j2,temperature,438,-12.35
2018/01/01 00:42:20,001e0610ba18,metsense,pr103j2,temperature,437,-12.4
2018/01/01 00:42:21,001e0610ba3b,metsense,pr103j2,temperature,461,-10.65
2018/01/01 00:42:21,001e0610ba57,metsense,pr103j2,temperature,441,-12.1
2018/01/01 00:42:30,001e0610e532,metsense,pr103j2,temperature,442,-12.05
2018/01/01 00:42:32,001e0610ee61,metsense,pr103j2,temperature,439,-12.25
2018/01/01 00:42:33,001e0610e540,metsense,pr103j2,temperature,441,-12.1
2018/01/01 00:42:35,001e0610bc07,metsense,pr103j2,temperature,451,-11.4
2018/01/01 00:42:39,001e0610fb4c,metsense,pr103j2,temperature,439,-12.25
2018/01/01 00:42:40,001e0610ef27,metsense,pr103j2,temperature,446,-11.75
2018/01/01 00:42:44,001e0610ba18,metsense,pr103j2,temperature,437,-12.4
2018/01/01 00:42:45,001e0610ba3b,metsense,pr103j2,temperature,464,-10.45
2018/01/01 00:42:46,001e0610ef27,metsense,pr103j2,temperature,446,-11.75
2018/01/01 00:42:47,001e0610ba57,metsense,pr103j2,temperature,439,-12.25
2018/01/01 00:42:56,001e0610e532,metsense,pr103j2,temperature,441,-12.1
2018/01/01 00:42:56,001e0610e540,metsense,pr103j2,temperature,441,-12.1
2018/01/01 00:42:56,001e0610ee61,metsense,pr103j2,temperature,441,-12.1
2018/01/01 00:43:01,001e0610bc07,metsense,pr103j2,temperature,447,-11.7
2018/01/01 00:43:02,001e0610fb4c,metsense,pr103j2,temperature,439,-12.25
2018/01/01 00:43:07,001e0610ef27,metsense,pr103j2,temperature,446,-11.75
2018/01/01 00:43:08,001e0610ba18,metsense,pr103j2,temperature,437,-12.4
2018/01/01 00:43:09,001e0610ba3b,metsense,pr103j2,temperature,471,-9.95
2018/01/01 00:43:10,001e0610ba57,metsense,pr103j2,temperature,441,-12.1
2018/01/01 00:43:13,001e0610bc07,metsense,pr103j2,temperature,444,-11.9
2018/01/01 00:43:19,001e0610e532,metsense,pr103j2,temperature,441,-12.1
2018/01/01 00:43:19,001e0610e540,metsense,pr103j2,temperature,441,-12.1
2018/01/01 00:43:20,001e0610ee61,metsense,pr103j2,temperature,440,-12.2
2018/01/01 00:43:26,001e0610fb4c,metsense,pr103j2,temperature,438,-12.35
2018/01/01 00:43:32,001e0610ba18,metsense,pr103j2,temperature,437,-12.4
2018/01/01 00:43:33,001e0610ba3b,metsense,pr103j2,temperature,475,-9.65
2018/01/01 00:43:33,001e0610ba57,metsense,pr103j2,temperature,439,-12.25
2018/01/01 00:43:36,001e0610bc07,metsense,pr103j2,temperature,445,-11.8
2018/01/01 00:43:42,001e0610e532,metsense,pr103j2,temperature,446,-11.75
2018/01/01 00:43:44,001e0610ee61,metsense,pr103j2,temperature,440,-12.2
2018/01/01 00:43:45,001e0610e540,metsense,pr103j2,temperature,443,-11.95
2018/01/01 00:43:46,001e0610ef27,metsense,pr103j2,temperature,447,-11.7
2018/01/01 00:43:50,001e0610fb4c,metsense,pr103j2,temperature,438,-12.35
2018/01/01 00:43:56,001e0610ba18,metsense,pr103j2,temperature,436,-12.45
2018/01/01 00:43:57,001e0610ba3b,metsense,pr103j2,temperature,473,-9.8
2018/01/01 00:44:00,001e0610ba57,metsense,pr103j2,temperature,443,-11.95
2018/01/01 00:44:00,001e0610bc07,metsense,pr103j2,temperature,445,-11.8
2018/01/01 00:44:05,001e0610e532,metsense,pr103j2,temperature,450,-11.45
2018/01/01 00:44:08,001e0610e540,metsense,pr103j2,temperature,442,-12.05
2018/01/01 00:44:08,001e0610ee61,metsense,pr103j2,temperature,438,-12.35
2018/01/01 00:44:12,001e0610ef27,metsense,pr103j2,temperature,445,-11.8
2018/01/01 00:44:14,001e0610fb4c,metsense,pr103j2,temperature,437,-12.4
2018/01/01 00:44:20,001e0610ba18,metsense,pr103j2,temperature,436,-12.45
2018/01/01 00:44:20,001e0610ef27,metsense,pr103j2,temperature,446,-11.75
2018/01/01 00:44:21,001e0610ba3b,metsense,pr103j2,temperature,478,-9.45
2018/01/01 00:44:23,001e0610ba57,metsense,pr103j2,temperature,444,-11.9
2018/01/01 00:44:29,001e0610e532,metsense,pr103j2,temperature,449,-11.55
2018/01/01 00:44:31,001e0610e540,metsense,pr103j2,temperature,443,-11.95
2018/01/01 00:44:33,001e0610ee61,metsense,pr103j2,temperature,438,-12.35
2018/01/01 00:44:38,001e0610fb4c,metsense,pr103j2,temperature,440,-12.2
2018/01/01 00:44:44,001e0610ba18,metsense,pr103j2,temperature,434,-12.6
2018/01/01 00:44:44,001e0610bc07,metsense,pr103j2,temperature,445,-11.8
2018/01/01 00:44:44,001e0610ef27,metsense,pr103j2,temperature,445,-11.8
2018/01/01 00:44:45,001e0610ba3b,metsense,pr103j2,temperature,475,-9.65
2018/01/01 00:44:49,001e0610ba57,metsense,pr103j2,temperature,443,-11.95
2018/01/01 00:44:55,001e0610e532,metsense,pr103j2,temperature,447,-11.7
2018/01/01 00:44:57,001e0610e540,metsense,pr103j2,temperature,445,-11.8
2018/01/01 00:44:57,001e0610ee61,metsense,pr103j2,temperature,436,-12.45
2018/01/01 00:45:02,001e0610fb4c,metsense,pr103j2,temperature,437,-12.4
2018/01/01 00:45:08,001e0610ba18,metsense,pr103j2,temperature,435,-12.55
2018/01/01 00:45:08,001e0610bc07,metsense,pr103j2,temperature,447,-11.7
2018/01/01 00:45:09,001e0610ba3b,metsense,pr103j2,temperature,480,-9.3
2018/01/01 00:45:12,001e0610ba57,metsense,pr103j2,temperature,439,-12.25
